,Words,Frequency
0,okay,773
1,pain,282
2,im,242
3,right,234
4,yeah,195
5,like,181
6,chest,169
7,hes,169
8,get,167
9,heart,166
10,yes,165
11,whats,161
12,going,159
13,know,158
14,go,135
15,thank,134
16,take,123
17,back,123
18,dont,122
19,shes,120
20,well,118
21,ok,108
22,said,106
23,got,105
24,name,100
25,phone,95
26,number,87
27,way,85
28,address,84
29,emergency,83
30,old,83
31,one,82
32,anything,82
33,medics,80
34,oh,78
35,911,77
36,think,75
37,feel,74
38,history,72
39,youre,72
40,want,70
41,aspirin,70
42,door,69
43,thats,69
44,alright,67
45,breath,66
46,come,65
47,started,63
48,ill,62
49,see,58
50,bye,58
51,time,58
52,breathing,58
53,start,57
54,really,56
55,little,55
56,ago,54
57,uh,52
58,call,52
59,let,52
60,sorry,51
61,change,51
62,tell,49
63,anywhere,48
64,else,48
65,ahead,48
66,ask,47
67,covid,47
68,drugs,47
69,rate,47
70,questions,45
71,theyre,44
72,give,44
73,need,41
74,kind,41
75,two,40
76,would,39
77,um,39
78,sweating,38
79,keep,38
80,rapid,38
81,around,37
82,say,37
83,ive,37
84,front,36
85,medic,36
86,couple,36
87,help,36
88,able,36
89,didnt,35
90,exactly,35
91,sure,34
92,drive,34
93,move,34
94,last,34
95,problems,33
96,located,33
97,left,33
98,gradual,33
99,short,33
100,sudden,32
101,breathe,32
102,good,32
103,attack,32
104,much,31
105,vomiting,31
106,symptoms,31
107,room,30
108,happened,29
109,partners,29
110,bad,29
111,bit,29
112,real,29
113,coming,28
114,tight,28
115,guys,28
116,minutes,28
117,lot,28
118,try,27
119,doesnt,27
120,put,27
121,took,27
122,partner,27
123,worse,27
124,profusely,27
125,feeling,26
126,contact,26
127,conscious,26
128,changes,26
129,could,26
130,delaware,26
131,hard,25
132,already,25
133,today,25
134,maam,25
135,cant,25
136,us,24
137,suddenly,24
138,three,24
139,second,24
140,side,24
141,gradually,23
142,sit,23
143,says,23
144,center,23
145,long,22
146,house,22
147,yep,22
148,getting,22
149,hours,22
150,stay,22
151,fine,22
152,calm,22
153,illicit,22
154,ohio,22
155,weve,21
156,mean,21
157,called,21
158,arm,21
159,moves,20
160,years,20
161,pressure,20
162,blood,20
163,road,20
164,case,20
165,comfortable,20
166,trying,20
167,please,20
168,anybody,20
169,morning,19
170,nitroglycerin,19
171,away,19
172,probably,19
173,nitro,19
174,patient,19
175,thanks,19
176,feels,19
177,thought,19
178,street,19
179,maybe,18
180,theres,18
181,havent,18
182,clothing,18
183,still,18
184,route,18
185,anyone,17
186,pains,17
187,recently,17
188,taken,17
189,came,17
190,calling,16
191,na,16
192,experiencing,16
193,went,16
194,husband,16
195,shortness,16
196,use,16
197,next,16
198,byebye,16
199,talking,16
200,awake,16
201,apartment,16
202,talk,15
203,gon,15
204,check,15
205,cialis,15
206,viagra,15
207,breathes,15
208,look,15
209,hour,15
210,something,15
211,issues,15
212,hospital,15
213,somebody,15
214,taking,15
215,find,15
216,disconnected,14
217,welcome,14
218,great,14
219,starting,14
220,medications,14
221,trouble,14
222,four,14
223,medication,13
224,five,13
225,hang,13
226,building,13
227,first,13
228,hurts,13
229,north,13
230,doctor,13
231,cold,13
232,nauseated,13
233,make,13
234,vomited,13
235,outside,13
236,car,13
237,sir,12
238,allergic,12
239,pretty,12
240,5,12
241,tonight,12
242,wife,12
243,arms,12
244,100,12
245,prescription,12
246,used,12
247,couldnt,12
248,god,12
249,done,12
250,marked,12
251,many,12
252,actually,12
253,even,12
254,hi,12
255,correct,12
256,lets,11
257,id,11
258,mom,11
259,work,11
260,loosen,11
261,since,11
262,beep,11
263,mask,11
264,earlier,11
265,day,11
266,stomach,11
267,half,11
268,nurse,11
269,floor,11
270,gets,11
271,past,11
272,fast,11
273,night,11
274,hear,10
275,weeks,10
276,baby,10
277,week,10
278,things,10
279,pass,10
280,open,10
281,key,10
282,deep,10
283,racing,10
284,hello,10
285,love,10
286,ready,10
287,hold,10
288,unlocked,10
289,umm,10
290,care,10
291,saying,10
292,mark,10
293,resident,10
294,lie,10
295,dispatched,10
296,better,9
297,shortly,9
298,meet,9
299,though,9
300,west,9
301,whichever,9
302,youve,9
303,another,9
304,cpr,9
305,high,9
306,24,9
307,understand,9
308,honey,9
309,different,9
310,rib,9
311,information,9
312,willowbrook,9
313,wait,9
314,gather,9
315,yet,9
316,chelsea,9
317,middle,9
318,inside,9
319,send,9
320,sitting,9
321,hand,9
322,mandy,9
323,also,9
324,hurting,9
325,hurt,9
326,nope,9
327,ever,9
328,eat,9
329,thing,8
330,perfect,8
331,place,8
332,theyve,8
333,minute,8
334,area,8
335,every,8
336,cardiac,8
337,days,8
338,squad,8
339,told,8
340,watching,8
341,grab,8
342,1,8
343,nauseous,8
344,may,8
345,coffee,8
346,oclock,8
347,drink,8
348,problem,8
349,yesterday,8
350,normal,8
351,year,8
352,seven,8
353,court,8
354,complaining,8
355,ambulance,8
356,difficulty,8
357,passed,8
358,doctors,8
359,afib,8
360,alrighty,8
361,sick,8
362,stand,8
363,nausea,8
364,might,8
365,aware,7
366,tightness,7
367,46,7
368,medical,7
369,normally,7
370,lane,7
371,trail,7
372,either,7
373,chew,7
374,daughter,7
375,scene,7
376,afraid,7
377,greg,7
378,20,7
379,currently,7
380,someone,7
381,question,7
382,times,7
383,powell,7
384,almost,7
385,nah,7
386,brandy,7
387,moving,7
388,740,7
389,position,7
390,wasnt,7
391,never,7
392,people,7
393,dog,6
394,background,6
395,mother,6
396,en,6
397,thinks,6
398,least,6
399,small,6
400,mouth,6
401,point,6
402,fever,6
403,cough,6
404,laying,6
405,looking,6
406,line,6
407,seem,6
408,black,6
409,tongue,6
410,grady,6
411,7,6
412,names,6
413,upstairs,6
414,10,6
415,best,6
416,12,6
417,3,6
418,christina,6
419,brother,6
420,pulse,6
421,dispatch,6
422,type,6
423,happening,6
424,shoulder,6
425,fun,6
426,head,6
427,er,6
428,everything,6
429,female,6
430,heavy,6
431,urgent,6
432,beating,6
433,wants,6
434,felt,6
435,hot,6
436,far,6
437,quarantine,6
438,man,6
439,parking,6
440,low,6
441,alcohol,6
442,guess,6
443,fell,6
444,anxiety,6
445,looks,6
446,58,6
447,test,6
448,614,6
449,son,6
450,diabetic,6
451,six,5
452,theyll,5
453,slow,5
454,verify,5
455,stuff,5
456,light,5
457,sweatshirt,5
458,dad,5
459,health,5
460,stroke,5
461,truck,5
462,16,5
463,neck,5
464,b,5
465,suffering,5
466,83,5
467,officer,5
468,boop,5
469,tiffany,5
470,quick,5
471,guy,5
472,8,5
473,implant,5
474,virginia,5
475,youd,5
476,30,5
477,shoulders,5
478,water,5
479,90,5
480,list,5
481,believe,5
482,pike,5
483,columbus,5
484,1710,5
485,pacemaker,5
486,top,5
487,crossing,5
488,ashley,5
489,needs,5
490,gotten,5
491,fire,5
492,home,5
493,rest,5
494,45,5
495,funny,5
496,absolutely,5
497,paint,5
498,50,5
499,wouldnt,5
500,heartbeat,5
501,loose,5
502,bathroom,5
503,face,5
504,entrance,5
505,rebecca,5
506,pardon,5
507,telephone,5
508,275,5
509,gave,5
510,jeff,5
511,pills,5
512,prior,5
513,knee,5
514,isnt,5
515,bob,5
516,age,5
517,disconnect,5
518,always,5
519,73,5
520,72,5
521,81,5
522,grandma,5
523,takes,5
524,heard,5
525,walk,5
526,tingling,4
527,milligram,4
528,turn,4
529,colonoscopy,4
530,speak,4
531,guard,4
532,central,4
533,kroger,4
534,charles,4
535,tablets,4
536,seated,4
537,stools,4
538,stop,4
539,6,4
540,idea,4
541,seen,4
542,unlock,4
543,months,4
544,terrible,4
545,post,4
546,jennifer,4
547,trailer,4
548,mine,4
549,possible,4
550,9,4
551,145,4
552,pauline,4
553,given,4
554,january,4
555,boss,4
556,canyon,4
557,dizzy,4
558,walking,4
559,372,4
560,legs,4
561,remember,4
562,window,4
563,ground,4
564,immediately,4
565,april,4
566,remain,4
567,anyway,4
568,compression,4
569,per,4
570,compressions,4
571,describe,4
572,nothing,4
573,passes,4
574,melissa,4
575,late,4
576,neighbor,4
577,wheres,4
578,definitely,4
579,40,4
580,ablation,4
581,father,4
582,franklin,4
583,396,4
584,issue,4
585,sounds,4
586,quite,4
587,household,4
588,regular,4
589,weird,4
590,scared,4
591,gone,4
592,circle,4
593,letting,4
594,fall,4
595,chair,4
596,completely,4
597,avenue,4
598,doors,4
599,complex,4
600,parked,4
601,department,4
602,appreciate,4
603,kevin,4
604,friday,4
605,male,4
606,constant,4
607,living,4
608,chance,4
609,onset,4
610,downstairs,4
611,sometimes,4
612,oak,4
613,goes,4
614,hardly,4
615,217,4
616,upper,4
617,afternoon,4
618,close,4
619,lewis,4
620,l,4
621,88,4
622,checked,4
623,bed,4
624,60,4
625,jaw,4
626,nurses,4
627,surgery,4
628,15,4
629,ah,4
630,break,3
631,testing,3
632,hasnt,3
633,seat,3
634,across,3
635,2,3
636,warm,3
637,rock,3
638,creek,3
639,214,3
640,96,3
641,nose,3
642,location,3
643,marla,3
644,transported,3
645,molly,3
646,keeping,3
647,kinds,3
648,resin,3
649,hey,3
650,ones,3
651,325,3
652,pittsburgh,3
653,thomas,3
654,show,3
655,quit,3
656,lay,3
657,answer,3
658,holding,3
659,intense,3
660,figure,3
661,59,3
662,whatever,3
663,shack,3
664,group,3
665,ta,3
666,together,3
667,dallas,3
668,company,3
669,cell,3
670,hands,3
671,township,3
672,job,3
673,later,3
674,shock,3
675,97,3
676,walnut,3
677,easier,3
678,blue,3
679,vaccinated,3
680,stent,3
681,yard,3
682,related,3
683,happy,3
684,changing,3
685,shower,3
686,helping,3
687,remind,3
688,shawnee,3
689,sophie,3
690,super,3
691,tingly,3
692,6861,3
693,church,3
694,pounds,3
695,alone,3
696,tachycardia,3
697,smile,3
698,worried,3
699,boost,3
700,cage,3
701,4,3
702,305,3
703,westerville,3
704,spotting,3
705,pole,3
706,pumping,3
707,breaths,3
708,seems,3
709,experienced,3
710,drug,3
711,ibuprofen,3
712,caplets,3
713,brown,3
714,throw,3
715,recent,3
716,wanted,3
717,tyler,3
718,enough,3
719,760,3
720,gene,3
721,speaker,3
722,daily,3
723,medicine,3
724,pulling,3
725,ya,3
726,soon,3
727,picture,3
728,75,3
729,ken,3
730,ringing,3
731,whole,3
732,comes,3
733,fifth,3
734,changed,3
735,pill,3
736,including,3
737,park,3
738,breast,3
739,ribs,3
740,south,3
741,showing,3
742,asking,3
743,working,3
744,happens,3
745,part,3
746,27,3
747,putting,3
748,police,3
749,goodness,3
750,ha,3
751,julie,3
752,lightheaded,3
753,tried,3
754,48,3
755,literally,3
756,city,3
757,paramedics,3
758,person,3
759,buddy,3
760,sweet,3
761,requesting,3
762,excuse,3
763,sister,3
764,certain,3
765,diagnosed,3
766,aww,3
767,forth,3
768,dosage,3
769,anymore,3
770,collarbone,3
771,sweaty,3
772,uncomfortable,3
773,numb,3
774,woke,3
775,agree,3
776,easy,3
777,dogs,3
778,porch,3
779,wrong,3
780,talked,3
781,unresponsive,3
782,33,3
783,couch,3
784,available,3
785,rising,3
786,120,3
787,works,3
788,illegal,3
789,numbness,3
790,control,3
791,falling,3
792,big,3
793,cars,3
794,waiting,3
795,silent,3
796,approach,3
797,93,3
798,reach,3
799,hate,3
800,twice,3
801,eye,3
802,everybody,3
803,family,3
804,severe,3
805,elevator,3
806,clammy,3
807,94,3
808,end,3
809,station,3
810,eight,2
811,several,2
812,sisu,2
813,worked,2
814,paper,2
815,74,2
816,respond,2
817,obviously,2
818,200,2
819,3291,2
820,stepmom,2
821,defibrillator,2
822,thursday,2
823,bill,2
824,dnr,2
825,84,2
826,tou,2
827,47,2
828,johnson,2
829,25,2
830,nine,2
831,eaten,2
832,forward,2
833,congested,2
834,232,2
835,must,2
836,dinner,2
837,ies,2
838,pump,2
839,nipples,2
840,monitor,2
841,nods,2
842,failure,2
843,gallbladder,2
844,photograph,2
845,button,2
846,belly,2
847,injury,2
848,restroom,2
849,wendy,2
850,4306,2
851,0,2
852,confirm,2
853,pharmacist,2
854,hayfield,2
855,meadows,2
856,usually,2
857,read,2
858,dear,2
859,plant,2
860,direct,2
861,gate,2
862,security,2
863,apparently,2
864,substance,2
865,lance,2
866,2000,2
867,ahold,2
868,7405492700,2
869,meantime,2
870,static,2
871,c,2
872,biagra,2
873,prescribed,2
874,checking,2
875,business,2
876,nearby,2
877,green,2
878,ppg,2
879,coworker,2
880,ems,2
881,often,2
882,enter,2
883,leftsided,2
884,362,2
885,instructions,2
886,dropped,2
887,experience,2
888,sidewalk,2
889,driveway,2
890,wifes,2
891,ari,2
892,e,2
893,learn,2
894,vessel,2
895,disease,2
896,coronary,2
897,63,2
898,doses,2
899,multiple,2
900,boy,2
901,live,2
902,points,2
903,stopped,2
904,9182,2
905,inhaler,2
906,9900,2
907,513360desolt,2
908,daventry,2
909,tom,2
910,friend,2
911,9330,2
912,ninetysix,2
913,wayne,2
914,brad,2
915,4254,2
916,disconnecting,2
917,condition,2
918,ryan,2
919,tastes,2
920,sort,2
921,3691751,2
922,zeller,2
923,patricia,2
924,fan,2
925,using,2
926,swallowing,2
927,antibiotics,2
928,compresses,2
929,everywhere,2
930,beats,2
931,91,2
932,josh,2
933,tina,2
934,hollow,2
935,6112,2
936,screws,2
937,rod,2
938,winner,2
939,pine,2
940,winter,2
941,8967,2
942,messenger,2
943,218,2
944,cultural,2
945,cool,2
946,perfectly,2
947,abnormal,2
948,lying,2
949,2016,2
950,steps,2
951,sixty,2
952,miss,2
953,hearts,2
954,phlegm,2
955,martin,2
956,heaviness,2
957,horseshoe,2
958,1570,2
959,kitchen,2
960,318,2
961,field,2
962,increased,2
963,sat,2
964,flushed,2
965,140,2
966,underneath,2
967,quickest,2
968,64,2
969,scale,2
970,bluebird,2
971,answers,2
972,damn,2
973,2012,2
974,hallway,2
975,deputy,2
976,shit,2
977,dublin,2
978,yum,2
979,43080,2
980,excited,2
981,shot,2
982,nap,2
983,shelter,2
984,strander,2
985,s1,2
986,easter,2
987,bypass,2
988,add,2
989,regularly,2
990,means,2
991,unfortunately,2
992,stretchers,2
993,narrow,2
994,afterwards,2
995,extension,2
996,throwing,2
997,dispatching,2
998,sentence,2
999,employees,2
1000,garage,2
1001,director,2
1002,wearing,2
1003,hospitalized,2
1004,happen,2
1005,jabbing,2
1006,sharp,2
1007,vitals,2
1008,bones,2
1009,7409651223,2
1010,addressing,2
1011,bedroom,2
1012,asper,2
1013,gas,2
1014,made,2
1015,pay,2
1016,stress,2
1017,results,2
1018,shortspread,2
1019,collaborating,2
1020,new,2
1021,entire,2
1022,8199,2
1023,ross,2
1024,263,2
1025,village,2
1026,illness,2
1027,consciousness,2
1028,lose,2
1029,surface,2
1030,sink,2
1031,fallen,2
1032,turned,2
1033,walker,2
1034,wont,2
1035,parks,2
1036,staff,2
1037,itll,2
1038,locked,2
1039,residents,2
1040,near,2
1041,specialists,2
1042,florida,2
1043,bear,2
1044,fordar,2
1045,7556,2
1046,discussed,2
1047,righty,2
1048,shed,2
1049,abdominal,2
1050,bradford,2
1051,3971,2
1052,bet,2
1053,community,2
1054,vehicle,2
1055,mmhmm,2
1056,hurry,2
1057,fault,2
1058,neighborhood,2
1059,kinda,2
1060,starts,2
1061,painting,2
1062,317,2
1063,leave,2
1064,shoot,2
1065,wayside,2
1066,month,2
1067,video,2
1068,weak,2
1069,notice,2
1070,unless,2
1071,process,2
1072,basis,2
1073,gotcha,2
1074,headed,2
1075,randy,2
1076,austin,2
1077,alert,2
1078,seymour,2
1079,third,2
1080,store,2
1081,computer,2
1082,bleeding,2
1083,comma,2
1084,hit,2
1085,whos,2
1086,barely,2
1087,fact,2
1088,monroe,2
1089,main,2
1090,marion,2
1091,confused,2
1092,follow,2
1093,labeled,2
1094,hearing,2
1095,nauseating,2
1096,lock,2
1097,asked,2
1098,november,2
1099,300,2
1100,walked,2
1101,concerned,2
1102,staying,2
1103,status,2
1104,jericho,2
1105,moved,2
1106,honestly,2
1107,cheers,2
1108,huh,2
1109,flat,2
1110,willing,2
1111,nobodys,2
1112,protocol,2
1113,specifically,2
1114,approximately,2
1115,contract,2
1116,worst,2
1117,7402013335,2
1118,extremely,2
1119,horizon,2
1120,118,2
1121,sleep,2
1122,early,2
1123,unchewable,2
1124,dissolve,2
1125,milligrams,2
1126,grabbing,2
1127,shoes,2
1128,dr,2
1129,vote,2
1130,mmm,2
1131,ray,2
1132,hannah,2
1133,leaving,2
1134,youll,2
1135,jump,2
1136,wear,2
1137,sandusky,2
1138,ed,2
1139,orders,2
1140,watch,2
1141,according,2
1142,mike,2
1143,wasting,2
1144,visit,2
1145,86,2
1146,131,2
1147,crushing,2
1148,kelly,2
1149,run,2
1150,monday,2
1151,tested,2
1152,80,2
1153,2027,2
1154,mi,2
1155,v,2
1156,a1,2
1157,assisted,2
1158,study,2
1159,william,2
1160,visiting,2
1161,alive,2
1162,laird,2
1163,ship,2
1164,116,2
1165,somethings,2
1166,shift,2
1167,due,2
1168,residence,2
1169,depending,2
1170,alcoholic,2
1171,however,2
1172,6997,2
1173,range,2
1174,pulled,2
1175,shane,2
1176,jim,2
1177,throughout,2
1178,delay,2
1179,pm,2
1180,reason,2
1181,hill,1
1182,frankie,1
1183,figured,1
1184,alyssa,1
1185,lister,1
1186,nitric,1
1187,losing,1
1188,breeze,1
1189,upset,1
1190,juan,1
1191,forty,1
1192,thirtyseven,1
1193,silly,1
1194,info,1
1195,demo,1
1196,sending,1
1197,77,1
1198,pitzer,1
1199,pissed,1
1200,aphids,1
1201,sleeves,1
1202,eighteen,1
1203,tv,1
1204,tbc,1
1205,full,1
1206,set,1
1207,mortgage,1
1208,653,1
1209,6142022067,1
1210,butterfield,1
1211,wheatfield,1
1212,whichevers,1
1213,theyd,1
1214,responders,1
1215,meeting,1
1216,burning,1
1217,115,1
1218,ordered,1
1219,brett,1
1220,13322,1
1221,traveling,1
1222,size,1
1223,adult,1
1224,ooooh,1
1225,label,1
1226,stool,1
1227,broke,1
1228,bryn,1
1229,counts,1
1230,ofass,1
1231,soul,1
1232,vomit,1
1233,electrodes,1
1234,otherwise,1
1235,woodtown,1
1236,7409659755,1
1237,satin,1
1238,sorts,1
1239,atarbus,1
1240,statin,1
1241,tour,1
1242,pounding,1
1243,finished,1
1244,eating,1
1245,basically,1
1246,se,1
1247,county,1
1248,hook,1
1249,offer,1
1250,advice,1
1251,werent,1
1252,waker,1
1253,ache,1
1254,stick,1
1255,within,1
1256,55,1
1257,quarter,1
1258,nothings,1
1259,nitroglycerins,1
1260,holderman,1
1261,7595,1
1262,shut,1
1263,bomb,1
1264,mile,1
1265,faith,1
1266,law,1
1267,decision,1
1268,backstool,1
1269,ummm,1
1270,fellow,1
1271,wind,1
1272,shall,1
1273,reassuring,1
1274,alleviating,1
1275,7405481117,1
1276,caller,1
1277,2924,1
1278,incident,1
1279,southerner,1
1280,grr,1
1281,puts,1
1282,learned,1
1283,relief,1
1284,backs,1
1285,sternum,1
1286,placed,1
1287,icd,1
1288,quadruple,1
1289,57,1
1290,foster,1
1291,query,1
1292,interest,1
1293,charged,1
1294,doubled,1
1295,girlfriend,1
1296,zoom,1
1297,marshmallows,1
1298,lives,1
1299,hough,1
1300,huff,1
1301,7404173262,1
1302,wonder,1
1303,shape,1
1304,palo,1
1305,woodlands,1
1306,2044,1
1307,asibs,1
1308,cardi,1
1309,pvc,1
1310,difference,1
1311,aces,1
1312,held,1
1313,wow,1
1314,080823,1
1315,grad,1
1316,74080,1
1317,getger,1
1318,glendale,1
1319,batch,1
1320,susie,1
1321,penicillin,1
1322,hubbard,1
1323,broom,1
1324,ass,1
1325,vaccine,1
1326,tough,1
1327,forget,1
1328,passing,1
1329,feelings,1
1330,lame,1
1331,buttons,1
1332,tim,1
1333,raising,1
1334,gray,1
1335,removal,1
1336,surgical,1
1337,mostly,1
1338,govern,1
1339,movements,1
1340,bow,1
1341,rolled,1
1342,zero,1
1343,sanctuary,1
1344,2143139,1
1345,millwater,1
1346,4690,1
1347,stuck,1
1348,yup,1
1349,password,1
1350,ice,1
1351,galbra,1
1352,double,1
1353,contraindication,1
1354,jacket,1
1355,continue,1
1356,clothes,1
1357,whatevers,1
1358,aspirins,1
1359,viewed,1
1360,subscribe,1
1361,lays,1
1362,heartburners,1
1363,cancer,1
1364,mothers,1
1365,513,1
1366,cottle,1
1367,october,1
1368,hudson,1
1369,980,1
1370,reference,1
1371,natural,1
1372,astrone,1
1373,rather,1
1374,firm,1
1375,power,1
1376,raise,1
1377,counselor,1
1378,supposed,1
1379,february,1
1380,beginning,1
1381,runs,1
1382,investigation,1
1383,brief,1
1384,cry,1
1385,listen,1
1386,pointing,1
1387,jo,1
1388,packing,1
1389,finding,1
1390,aftermosa,1
1391,shorter,1
1392,redaustin,1
1393,underline,1
1394,access,1
1395,liquor,1
1396,famicom,1
1397,employed,1
1398,7403634398,1
1399,storage,1
1400,recalling,1
1401,managers,1
1402,assistant,1
1403,matt,1
1404,onefive,1
1405,430,1
1406,1840,1
1407,wasgirl,1
1408,5000,1
1409,felita,1
1410,ten,1
1411,stir,1
1412,joy,1
1413,101,1
1414,packet,1
1415,fargo,1
1416,7948,1
1417,medexin,1
1418,pets,1
1419,richard,1
1420,moran,1
1421,slightly,1
1422,shaping,1
1423,feed,1
1424,hadnt,1
1425,oral,1
1426,252,1
1427,ate,1
1428,can,1
1429,not,1
1430,cow,1
1431,schedule,1
1432,dexterity,1
1433,strength,1
1434,lost,1
1435,fox,1
1436,6145805237,1
1437,scenario,1
1438,born,1
1439,smoking,1
1440,corner,1
1441,hidden,1
1442,box,1
1443,114,1
1444,740803740,1
1445,mcdonalds,1
1446,houdekay,1
1447,hospitalizations,1
1448,men,1
1449,stents,1
1450,customer,1
1451,press,1
1452,heads,1
1453,chin,1
1454,lift,1
1455,pinch,1
1456,whoevers,1
1457,count,1
1458,woohoo,1
1459,allowing,1
1460,inches,1
1461,push,1
1462,heel,1
1463,air,1
1464,oxygen,1
1465,struggle,1
1466,7405138554,1
1467,jordan,1
1468,109,1
1469,flocating,1
1470,tying,1
1471,narkis,1
1472,tlaxcus,1
1473,norcus,1
1474,braxton,1
1475,291,1
1476,99,1
1477,temperatures,1
1478,uncontrollably,1
1479,shaking,1
1480,42,1
1481,2905,1
1482,hype,1
1483,active,1
1484,nonset,1
1485,sped,1
1486,tunnel,1
1487,zaric,1
1488,2020,1
1489,2438,1
1490,chitin,1
1491,centro,1
1492,louis,1
1493,spanish,1
1494,uni,1
1495,centralized,1
1496,members,1
1497,fatherinlaw,1
1498,portion,1
1499,temporary,1
1500,hoping,1
1501,peace,1
1502,crew,1
1503,proper,1
1504,amazing,1
1505,input,1
1506,damage,1
1507,occurred,1
1508,aaaaa,1
1509,buckridge,1
1510,7334,1
1511,choose,1
1512,maddox,1
1513,scott,1
1514,hed,1
1515,1995,1
1516,triple,1
1517,6149739979,1
1518,reassure,1
1519,mary,1
1520,truly,1
1521,quantified,1
1522,hashed,1
1523,defense,1
1524,site,1
1525,trend,1
1526,homes,1
1527,armpit,1
1528,kingly,1
1529,angeline,1
1530,delaying,1
1531,arent,1
1532,heat,1
1533,limbs,1
1534,farlin,1
1535,anjali,1
1536,r,1
1537,tstroke,1
1538,8374,1
1539,nasha,1
1540,medico,1
1541,appears,1
1542,appear,1
1543,keeps,1
1544,simple,1
1545,manager,1
1546,command,1
1547,project,1
1548,connected,1
1549,camera,1
1550,evan,1
1551,cameron,1
1552,liberty,1
1553,angelique,1
1554,165,1
1555,weighing,1
1556,laundry,1
1557,eyes,1
1558,impresses,1
1559,bearings,1
1560,hahaha,1
1561,acting,1
1562,panic,1
1563,freaking,1
1564,34,1
1565,worry,1
1566,centerpoint,1
1567,mics,1
1568,usage,1
1569,91b,1
1570,consider,1
1571,obvious,1
1572,resting,1
1573,body,1
1574,stepped,1
1575,clarify,1
1576,sweat,1
1577,conversation,1
1578,6143619833,1
1579,fulkin,1
1580,john,1
1581,bell,1
1582,administer,1
1583,kenyon,1
1584,pms,1
1585,truth,1
1586,meds,1
1587,antidepressant,1
1588,vasma,1
1589,tengsingular,1
1590,level,1
1591,higher,1
1592,novel,1
1593,lapman,1
1594,worldwide,1
1595,amid,1
1596,glad,1
1597,impress,1
1598,horror,1
1599,acknowledging,1
1600,pastor,1
1601,conditions,1
1602,dakota,1
1603,laid,1
1604,towards,1
1605,quadrant,1
1606,xray,1
1607,centered,1
1608,dysfunction,1
1609,diastolic,1
1610,evaluation,1
1611,cat,1
1612,previously,1
1613,private,1
1614,awakening,1
1615,612,1
1616,map,1
1617,brand,1
1618,hide,1
1619,mild,1
1620,530,1
1621,attacks,1
1622,breaks,1
1623,spreading,1
1624,pastors,1
1625,bayle,1
1626,61,1
1627,68,1
1628,lewiscenter,1
1629,bail,1
1630,paynter,1
1631,painter,1
1632,kena,1
1633,kina,1
1634,ridge,1
1635,ravine,1
1636,kurt,1
1637,swimming,1
1638,episode,1
1639,1472,1
1640,8047,1
1641,7942585,1
1642,accept,1
1643,redwood,1
1644,540,1
1645,70,1
1646,quickly,1
1647,aship,1
1648,magold,1
1649,smothers,1
1650,214263,1
1651,4696,1
1652,perhaps,1
1653,sergeant,1
1654,crashing,1
1655,march,1
1656,30th,1
1657,covered,1
1658,larry,1
1659,plaster,1
1660,important,1
1661,dancing,1
1662,dangerous,1
1663,vulnerable,1
1664,cream,1
1665,brilliant,1
1666,drops,1
1667,dry,1
1668,lizzie,1
1669,haha,1
1670,sympathy,1
1671,boom,1
1672,grub,1
1673,fruit,1
1674,powerful,1
1675,step,1
1676,frog,1
1677,odd,1
1678,drifted,1
1679,cookie,1
1680,rates,1
1681,terribly,1
1682,shots,1
1683,peptobismol,1
1684,food,1
1685,sunday,1
1686,keeper,1
1687,desperate,1
1688,horrible,1
1689,indigestion,1
1690,running,1
1691,7408819890,1
1692,keith,1
1693,jones,1
1694,barbara,1
1695,hillingdown,1
1696,educated,1
1697,swallow,1
1698,raining,1
1699,blast,1
1700,sender,1
1701,relieved,1
1702,stamps,1
1703,ti,1
1704,latest,1
1705,expand,1
1706,distinguishes,1
1707,keeparrton,1
1708,rent,1
1709,course,1
1710,tablet,1
1711,extreme,1
1712,roger,1
1713,smacking,1
1714,9722195,1
1715,autistic,1
1716,interference,1
1717,tenley,1
1718,itd,1
1719,dowd,1
1720,partially,1
1721,discuss,1
1722,aint,1
1723,frick,1
1724,allie,1
1725,vegetative,1
1726,inski,1
1727,121,1
1728,plavix,1
1729,wedding,1
1730,goodbye,1
1731,hell,1
1732,complain,1
1733,foxes,1
1734,flying,1
1735,balanced,1
1736,panicking,1
1737,neuropathy,1
1738,caudill,1
1739,beckler,1
1740,572,1
1741,broken,1
1742,hurtin,1
1743,6143894105,1
1744,david,1
1745,hills,1
1746,imagine,1
1747,robe,1
1748,ant,1
1749,wish,1
1750,regulated,1
1751,sound,1
1752,wednesday,1
1753,complained,1
1754,lingering,1
1755,brianna,1
1756,blank,1
1757,school,1
1758,coventry,1
1759,14,1
1760,perfume,1
1761,bass,1
1762,sing,1
1763,timing,1
1764,identify,1
1765,todays,1
1766,event,1
1767,spin,1
1768,bone,1
1769,apart,1
1770,7409094024,1
1771,leekhan,1
1772,nobody,1
1773,hug,1
1774,task,1
1775,lucia,1
1776,scad,1
1777,9th,1
1778,likely,1
1779,mcclellan,1
1780,erin,1
1781,8150727,1
1782,orchard,1
1783,tend,1
1784,heartbreak,1
1785,rabbit,1
1786,knowledge,1
1787,struggling,1
1788,aids,1
1789,moment,1
1790,becomesuries,1
1791,hemorrhaging,1
1792,ohh,1
1793,wound,1
1794,mah,1
1795,temp,1
1796,85,1
1797,87,1
1798,seeing,1
1799,273,1
1800,free,1
1801,facility,1
1802,je,1
1803,heading,1
1804,jemima,1
1805,elderly,1
1806,gentleman,1
1807,al,1
1808,241,1
1809,11171925,1
1810,birth,1
1811,976,1
1812,none,1
1813,547,1
1814,apple,1
1815,dra,1
1816,dela,1
1817,cottswald,1
1818,burst,1
1819,fluctuating,1
1820,70s,1
1821,mid,1
1822,midfifties,1
1823,anyones,1
1824,hope,1
1825,6145072275,1
1826,wwwfemagov,1
1827,hawkins,1
1828,joseph,1
1829,valley,1
1830,date,1
1831,symptomatic,1
1832,believes,1
1833,lois,1
1834,ian,1
1835,nervous,1
1836,bruising,1
1837,cuts,1
1838,land,1
1839,standing,1
1840,careful,1
1841,caused,1
1842,siren,1
1843,doral,1
1844,legend,1
1845,example,1
1846,deal,1
1847,commotion,1
1848,cause,1
1849,denton,1
1850,bother,1
1851,suzanne,1
1852,christian,1
1853,78,1
1854,al19,1
1855,drop,1
1856,7408793181,1
1857,ennett,1
1858,curved,1
1859,pull,1
1860,unrelentless,1
1861,4597,1
1862,368,1
1863,rn,1
1864,sarah,1
1865,terrace,1
1866,unit,1
1867,transferred,1
1868,7403696840,1
1869,declining,1
1870,recommend,1
1871,whether,1
1872,amountiated,1
1873,routes,1
1874,marketing,1
1875,spent,1
1876,9am,1
1877,spanned,1
1878,army,1
1879,somewhere,1
1880,spot,1
1881,mam,1
1882,7404170953,1
1883,panhandle,1
1884,3487,1
1885,williamson,1
1886,pete,1
1887,niture,1
1888,minics,1
1889,text,1
1890,bite,1
1891,lat,1
1892,225,1
1893,camp,1
1894,fairly,1
1895,7509,1
1896,shummer,1
1897,alan,1
1898,maryland,1
1899,651,1
1900,positive,1
1901,exposed,1
1902,experiences,1
1903,friends,1
1904,introduce,1
1905,friendly,1
1906,x,1
1907,excessively,1
1908,recommends,1
1909,crystal,1
1910,1330,1
1911,angela,1
1912,annie,1
1913,worsens,1
1914,cotswold,1
1915,nitroglyphthon,1
1916,bombing,1
1917,domerile,1
1918,concern,1
1919,diarrhea,1
1920,cramping,1
1921,redness,1
1922,rhythm,1
1923,685,1
1924,tests,1
1925,hanover,1
1926,lake,1
1927,jizzing,1
1928,mobile,1
1929,river,1
1930,fixed,1
1931,collar,1
1932,making,1
1933,brandon,1
1934,saw,1
1935,5pm,1
1936,card,1
1937,busy,1
1938,recommending,1
1939,triage,1
1940,287,1
1941,oneone,1
1942,graduate,1
1943,bigger,1
1944,older,1
1945,evans,1
1946,fucking,1
1947,nitroglyphthorone,1
1948,jodi,1
1949,union,1
1950,26,1
1951,braids,1
1952,quarantining,1
1953,exact,1
1954,ioguertialis,1
1955,lgwater,1
1956,southway,1
1957,itke,1
1958,reached,1
1959,hurricane,1
1960,vic,1
1961,recovered,1
1962,lightheadedness,1
1963,chill,1
1964,usual,1
1965,308,1
1966,burger,1
1967,sen,1
1968,longer,1
1969,base,1
1970,driving,1
1971,noggy,1
1972,dealing,1
1973,spend,1
1974,fifty,1
1975,unique,1
1976,hows,1
1977,explain,1
1978,fit,1
1979,brandi,1
1980,liver,1
1981,kidney,1
1982,transplantation,1
1983,heartbeating,1
1984,anyimmigrant,1
1985,chat,1
1986,oktober,1
1987,unpal,1
1988,someones,1
1989,dated,1
1990,state,1
1991,hazards,1
1992,hat,1
1993,fades,1
1994,anybo,1
1995,ty,1
1996,chef,1
1997,k,1
1998,howdy,1
1999,karger,1
2000,7409718962,1
2001,tanya,1
2002,phased,1
2003,6147899868,1
2004,white,1
2005,general,1
2006,7409416126,1
2007,instructor,1
2008,chromation,1
2009,uncle,1
2010,assessing,1
2011,919,1
2012,90yearold,1
2013,katie,1
2014,usd,1
2015,microgrid,1
2016,wouldve,1
2017,played,1
2018,delicious,1
2019,guitar,1
2020,69,1
2021,lexapro,1
2022,brain,1
2023,9725909,1
2024,7402722196,1
2025,willow,1
2026,everythings,1
2027,causing,1
2028,pick,1
2029,kerba,1
2030,copy,1
2031,quarantined,1
2032,paramedic,1
2033,wanting,1
2034,casey,1
2035,em,1
2036,gathered,1
2037,repeat,1
2038,harlem,1
2039,5881,1
2040,brookway,1
2041,mcintosh,1
2042,catch,1
2043,maina,1
2044,art,1
2045,220,1
2046,dizziness,1
2047,92,1
2048,murchland,1
2049,bernard,1
2050,girl,1
2051,carol,1
2052,2019,1
2053,ahhhh,1
2054,distract,1
2055,munch,1
2056,perky,1
2057,scroge,1
2058,maintenance,1
2059,sudura,1
2060,phones,1
2061,375,1
2062,henschen,1
2063,thatgreen,1
2064,interrupt,1
2065,67,1
2066,goldsland,1
2067,daniel,1
2068,tori,1
2069,lially,1
2070,country,1
2071,5909,1
2072,972,1
2073,beatin,1
2074,asip,1
2075,phycophthic,1
2076,adam,1
2077,possibly,1
2078,6599,1
2079,3c,1
2080,cholesterol,1
2081,emma,1
2082,kid,1
2083,cooked,1
2084,nitroglypter,1
2085,giving,1
2086,vacation,1
2087,initially,1
2088,pack,1
2089,touch,1
2090,touching,1
2091,crazy,1
2092,vacationed,1
2093,cartilage,1
2094,packed,1
2095,82,1
2096,lowry,1
2097,responsive,1
2098,closed,1
2099,beer,1
2100,ogam,1
2101,nature,1
2102,flashes,1
2103,safe,1
2104,shoveled,1
2105,banks,1
2106,7406176530,1
2107,chamberlain,1
2108,igam,1
2109,7403638171,1
2110,carry,1
2111,threeor,1
2112,lucifer,1
2113,desire020,1
2114,feat,1
2115,inecky,1
2116,spyageurod,1
2117,fans,1
2118,gettin,1
2119,engine,1
2120,sunnyview,1
2121,89,1
2122,189,1
2123,beaten,1
2124,satan,1
2125,paul,1
2126,beat,1
2127,11,1
2128,575,1
2129,3625,1
2130,wilson,1
2131,colleen,1
2132,gazebo,1
2133,faces,1
2134,apartments,1
2135,square,1
2136,vid,1
2137,ts,1
2138,cooling,1
2139,julianna,1
2140,kendra,1
2141,therell,1
2142,hung,1
2143,needed,1
2144,schmett,1
2145,7403687410,1
2146,industry,1
2147,fourway,1
2148,leading,1
2149,compound,1
2150,haner,1
2151,hainer,1
2152,warehouse,1
2153,farm,1
2154,nutter,1
2155,10069,1
2156,502930932,1
2157,subjects,1
2158,diana,1
2159,update,1
2160,wonderful,1
2161,bothering,1
2162,fashion,1
2163,exert,1
2164,armed,1
2165,radiates,1
2166,instant,1
2167,bothers,1
2168,obstructive,1
2169,signature,1
2170,hal,1
2171,amount,1
2172,kline,1
2173,clines,1
2174,assuming,1
2175,overdid,1
2176,dose,1
2177,glennis,1
2178,office,1
2179,sheriffs,1
2180,transfer,1
2181,leader,1
2182,caltech,1
2183,carried,1
2184,teresa,1
2185,dead,1
2186,4302,1
2187,western,1
2188,hatch,1
2189,12931,1
2190,provide,1
2191,comfort,1
2192,nitrile,1
2193,fuck,1
2194,tricia,1
2195,share,1
2196,expected,1
2197,oldaker,1
2198,oldacre,1
2199,7402517953,1
2200,mysone,1
2201,dan,1
2202,meadow,1
2203,golden,1
2204,joe,1
2205,addressed,1
2206,focused,1
2207,ostrander,1
2208,mills,1
2209,7210,1
2210,gosh,1
2211,surprise,1
2212,tab,1
2213,sch,1
2214,whatd,1
2215,driver,1
2216,blade,1
2217,radiating,1
2218,43yearold,1
2219,laureo,1
2220,laurel,1
2221,7405071288,1
2222,practitioner,1
2223,pan,1
2224,17405492700,1
2225,fleet,1
2226,suite,1
2227,appointment,1
2228,mailbox,1
2229,negative,1
2230,runny,1
2231,semi,1
2232,canadian,1
2233,dang,1
2234,along,1
2235,gradle,1
2236,southerly,1
2237,jerk,1
2238,current,1
2239,attorney,1
2240,husbands,1
2241,6142661428,1
2242,58yearold,1
2243,physician,1
2244,chf,1
2245,swelling,1
2246,bilateral,1
2247,discomfort,1
2248,sean,1
2249,everyone,1
2250,8221,1
2251,1725,1
2252,military,1
2253,intervention,1
2254,angina,1
2255,atypical,1
2256,bored,1
2257,mentioned,1
2258,besides,1
2259,cootie,1
2260,corona,1
2261,coding,1
2262,361,1
2263,295,1
2264,weighs,1
2265,overweight,1
2266,ridiculously,1
2267,muscle,1
2268,65,1
2269,weekend,1
2270,owned,1
2271,animal,1
2272,himare,1
2273,baduro,1
2274,enterprise,1
2275,425,1
2276,awakened,1
2277,sign,1
2278,letter,1
2279,dumpster,1
2280,rail,1
2281,rear,1
2282,wing,1
2283,exit,1
2284,trash,1
2285,patients,1
2286,augustina,1
2287,freeman,1
2288,6885,1
2289,toledo,1
2290,focusing,1
2291,color,1
2292,lips,1
2293,tt,1
2294,wan,1
2295,30s,1
2296,homestead,1
2297,oskivu,1
2298,toppers,1
2299,aed,1
2300,agriculture,1
2301,century,1
2302,g,1
2303,churches,1
2304,sunshine,1
2305,institute,1
2306,mental,1
2307,ash,1
2308,mammoth,1
2309,boiled,1
2310,blockage,1
2311,boil,1
2312,symptomatically,1
2313,placement,1
2314,scent,1
2315,hemorrhagic,1
2316,8150126,1
2317,insulting,1
2318,ne,1
2319,lavois,1
2320,jean,1
2321,2848,1
2322,francisco,1
2323,san,1
2324,pace,1
2325,huhuh,1
2326,honest,1
2327,jamie,1
2328,employee,1
2329,semiconscious,1
2330,supply,1
2331,43035,1
2332,8225,1
2333,ooh,1
2334,noises,1
2335,seconds,1
2336,telling,1
2337,23,1
2338,alice,1
2339,kids,1
2340,decided,1
2341,hospitals,1
2342,oscopy,1
2343,6147256756,1
2344,dial,1
2345,43015,1
2346,holland,1
2347,7067615644,1
2348,marking,1
2349,danny,1
2350,orange,1
2351,eta,1
2352,note,1
2353,barrel,1
2354,skid,1
2355,polls,1
2356,behind,1
2357,unpaid,1
2358,mind,1
2359,nail,1
2360,60s,1
2361,young,1
2362,a225,1
2363,8211,1
2364,fields,1
2365,twirl,1
2366,wake,1
2367,responses,1
2368,account,1
2369,biagoricealis,1
2370,somewhat,1
2371,dads,1
2372,7409532053,1
2373,74095,1
2374,corners,1
2375,rome,1
2376,3881,1
2377,asleep,1
2378,tuesday,1
2379,regardless,1
2380,50s,1
2381,dine,1
2382,van,1
2383,directing,1
2384,agar,1
2385,doris,1
2386,quiet,1
2387,facts,1
2388,shirt,1
2389,necessarily,1
2390,regulation,1
2391,allowed,1
2392,purple,1
2393,unlocking,1
2394,cue,1
2395,calories,1
2396,35,1
2397,moms,1
2398,coughing,1
2399,materials,1
2400,coffeegroundlooking,1
2401,chewable,1
2402,onscene,1
2403,greet,1
